<Data>
	<Average>
		<Model Name="Volkswagen Golf Addon: Golf MK1">golf1</Model>
		<Model Name="Volkswagen Golf Addon: Golf MK2">golf2</Model>
		<Model Name="Volkswagen Golf Addon: Golf MK3">golf3</Model>
		<Model Name="BMW M135i 2013">m135i</Model>
		<Model Name="1966 Ford Fairlane 500">FAIR500</Model>
		<Model Name="Mercedes-Benz 500E">500w124</Model>
		<Model Name="Mercedes-Benz 600 SEL">600sel</Model>
		<Model Name="Audi A8">a8audi</Model>
		<Model Name="BMW 535i (e34)">bmwe34</Model>
		<Model Name="BMW 750i (e38)">bmwe38</Model>
		<Model Name="BMW 760i (e65)">bmwe65</Model>
		<Model Name="Chevrolet Chevelle SS 1970">chevelle70</Model>
		<Model Name="MINI John Cooper Works">cooperworks</Model>
		<Model Name="VAZ-2107 (Lada Riva)">lada2107</Model>
		<Model Name="Infiniti QX56">qx56</Model>
		<Model Name="Mercedes-Benz S600 (W140)">w140s600</Model>
		<Model Name="Mercedes-Benz E420 (W210)">w210</Model>
		<Model Name="Dacia Sandero 2014">sandero</Model>
		<Model Name="Dacia Sandero 2008">sanderos</Model>
		<Model Name="Dacia Duster 2014">DADUSTER</Model>
		<Model Name="Dacia Logan 2008">logan</Model>
		<Model Name="Audi S8 4.0TFSI Quattro">audis8om</Model>
		<Model Name="Audi Q7">q7</Model>
		<Model Name="Land Rover defender">defender</Model>
	</Average>
	<Race>
		<Model Name="Plymouth Barracuda">cuda</Model>
		<Model Name="Lamborghini Aventador LP720-4">LP720</Model>
		<Model Name="Camaro ZL1">zl1</Model>
		<Model Name="Aventador">lp700</Model>
		<Model Name="LaFerrari">laferrari</Model>
		<Model Name="P1">p1</Model>
		<Model Name="GTR Nismo">gtrnismo</Model>
		<Model Name="Alfa Romeo 8C">888C</Model>
		<Model Name="Kawasaki Ninja H2R">h2r</Model>
		<Model Name="Range Rover Evoque">evoque</Model>
		<Model Name="Volkswagen Scirocco R">vwr</Model>
		<Model Name="Lamborghini Aventador J Speedster">AVJ</Model>
		<Model Name="Nissan Silvia S15">silvia15</Model>
		<Model Name="Honda NSX Rocket Bunny">nsx2</Model>
		<Model Name="Alfa Romeo Stradale">ars33</Model>
		<Model Name="Dumont Type 47 Rat Rod">ratrod</Model>
		<Model Name="Jeep Willys Hot-Rod">jeeprod</Model>
		<Model Name="Lincoln Continental Sedan">lcs</Model>
		<Model Name="Jeep Willys Hot-Rod">jeeprod</Model>
		<Model Name="Lamborghini Aventador LP750-4">LP750SV</Model>
		<Model Name="Lamborgini Veneno">veneno</Model>
		<Model Name="Lamborgini Huracan">lp610lb</Model>
		<Model Name="Lamborgini Huracan">lp610</Model>
		<Model Name="Porsche 918">918</Model>
		<Model Name="Daewoo-FSO Tico SX">tico</Model>
		<Model Name="Daewoo Leganza US">leganza</Model>
		<Model Name="Daewoo Joyster Concept">joyster</Model>
		<Model Name="Chevrolet Corvette C7R">c7r</Model>
		<Model Name="Gumpert Apollo S">apollos</Model>
		<Model Name="Kawasaki Ninja ZX10 R">zx10</Model>
		<Model Name="Ford Mustang 1965 Hoonicorn">FORDH</Model>
		<Model Name="Yamaha YZF R6">R6</Model>
		<Model Name="Ducati 1199 Panigale">D99</Model>
		<Model Name="Yamaha R1">R1</Model>
		<Model Name="Mazda RX-8 Mad Mike">rx8m</Model>
		<Model Name="KTM RC 390">RC</Model>
		<Model Name="McLaren F1">F1</Model>
		<Model Name="BMW S1000 RR">BMWS</Model>
		<Model Name="Ariel Atom 500 V8">ariel</Model>
		<Model Name="Citroen Survolt">csur</Model>
		<Model Name="PBAC Mono">bacmono</Model>
		<Model Name="Rossion Q1">rq1</Model>
		<Model Name="Audi R8 V10 PPI Razor">r8ppi</Model>
		<Model Name="1966 Ford Fairlane 500">FAIR500</Model>
		<Model Name="Proton Satria Neo">satria</Model>
		<Model Name="Volkswagen Golf Addon: Golf MK4">golf4</Model>
		<Model Name="Volkswagen Golf Addon: Golf MK5">golf5</Model>
		<Model Name="Volkswagen Golf Addon: Golf MK6">golf6</Model>
		<Model Name="Volkswagen Golf Addon: Golf MK6 R32">golfr</Model>
		<Model Name="Volkswagen Golf Addon: Golf MK7">golf7</Model>
		<Model Name="Scuderia Glickenhaus">scuderiag</Model>
		<Model Name="FordCapri Zakspeed Group5 1980">fordcapri</Model>
		<Model Name="AE86">AE86</Model>
		<Model Name="Intial D AE86">TRUENO</Model>
		<Model Name="Renault Megane Trophy">renaultm</Model>
		<Model Name="Jaguar Project-7">P7</Model>
		<Model Name="BMW E30 Drift Edition">bmdrift</Model>
		<Model Name="BMW E30">bmwrace</Model>
		<Model Name="Toyota GT-86">gt86</Model>
		<Model Name="RocketBunny GT-86">gt86rb</Model>
		<Model Name="Audi Quattro">quattros</Model>
		<Model Name="Chevrolet Chevelle SS 1970">chevelle70</Model>
		<Model Name="MINI John Cooper Works">cooperworks</Model>
		<Model Name="Ferrari 458 Italia GT2">fgt2</Model>
		<Model Name="Audi R8 LMS Ultra Racecar">r8lms</Model>
		<Model Name="McLaren MP412C GT3">rmp4</Model>
		<Model Name="Lamborghini Huracan GT3">lhgt3</Model>
		<Model Name="BMW i8">I8</Model>
		<Model Name="McLaren P1">P1</Model>
		<Model Name="Ford Mustang GT">MGT</Model>
		<Model Name="Alfa Romeo 4c Spider">4c</Model>
		<Model Name="Pagani Huayra">HUAYRA</Model>
		<Model Name="Pagani Zonda R">zondar</Model>
		<Model Name="Audi S8 4.0TFSI Quattro">audis8om</Model>
		<Model Name="Porsche Carrera GT">cargt</Model>
		<Model Name="BMW M5 E28">bmwe28</Model>
	</Race>
	<Robbery>
		<Model Name="Toyota Highlander">highlander</Model>
		<Model Name="Audi Q7 ABT">abtq7</Model>
		<Model Name="Hummer H3">h3</Model>
		<Model Name="Ford F150 Raptor">raptor</Model>
		<Model Name="Toyota FJ Cruiser">fjc</Model>
		<Model Name="Lexus NX200t">nx200t</Model>
		<Model Name="Chevrolet Trailblazer">ctb</Model>
		<Model Name="Hummer H1">h1</Model>
		<Model Name="Porsche Macan">macan</Model>
		<Model Name="Range Rover Super Charged">rrsc</Model>
		<Model Name="Range Rover Vogue">rrvogue</Model>
		<Model Name="Jeep Wrangler">jwr</Model>
		<Model Name="Lexus LX570">lx570</Model>
		<Model Name="Toyota Land Cruiser LX V6">lxv6</Model>
		<Model Name="Infiniti QX56">qx56</Model>
		<Model Name="GM TDH-5303">gm5303</Model>
	</Robbery>
	<Heist>
		<Model Name="Hummer H1">h1</Model>
		<Model Name="Hummer H3">h3</Model>
		<Model Name="Contender">contender</Model>
		<Model Name="Phantom Wedge">phantom2</Model>
	</Heist>
	<Military>
	<Model Name="LEWD (RDE)">LAV</Model>
		<Model Name="Ramp Buggy">dune4</Model>

		<Model Name="LAV-25">LAV</Model>
		<Model Name="LAV-AD">LAVAD</Model>
		<Model Name="M4A3E8 Sherman">RHINO2</Model>
		<Model Name="BF4 Addon: AAV-7A1">AAV</Model>
		<Model Name="BF4 Addon: T-90A">BF4</Model>
		<Model Name="BF4 Addon: BMP-2">BMP</Model>
		<Model Name="BF4 Addon: Type 99">TY99</Model>
		<Model Name="BF4 Addon: Type 21">TY21</Model>
		<Model Name="BF4 Addon: ZBD-09">ZBD09</Model>
	</Military>
</Data>